title,company,location,description,technologies,frameworks,certifications,salary_range,date_posted,recruiter,url
,,,"At Corsearch, we are dedicated to creating a world where consumers can trust the choices they make.","['Rust', 'R']",[],[],,2025-08-12,,https://fr.linkedin.com/jobs/view/python-developer-at-corsearch-4265344286?position=1&pageNum=0&refId=fzl4XYTxyP%2BiWgyGJDteJQ%3D%3D&trackingId=tkVcSzoc7YjgTUsIlwj49Q%3D%3D
,,,"Passionn√© par la Data et l‚Äôinnovation √† base d‚ÄôIntelligence Artificielle, vous souhaitez rejoindre une communaut√© d‚Äôexperts dans le domaine afin de d√©velopper vos comp√©tences en Architecture, Data Engineering et Data Science/IA. Aubay Data & AI, cabinet sp√©cialis√© Data de Aubay, renforce ses √©quipes et recherche des ML Engineers (H/F) pour accompagner nos clients dans l‚Äôindustrialisation de leurs travaux Data Science/IA afin de leur permettre de concr√©tiser leur strat√©gie Data.",['R'],[],[],,2025-08-12,,https://fr.linkedin.com/jobs/view/ml-engineer-f-h-at-aubay-3927669539?position=1&pageNum=0&refId=X69bAQTY%2FAM1cJxkroe33w%3D%3D&trackingId=31RIKLdqpLncg%2BfkZXHt1Q%3D%3D
,,,,[],[],[],,2025-08-12,,https://fr.linkedin.com/jobs/view/ai-ml-engineer-at-lago-4257098466?position=1&pageNum=0&refId=VllcndOTSO%2BFmBcs51bIQA%3D%3D&trackingId=JYQegLRAaeIixMnsrwj9LQ%3D%3D
,,,"DevOps | Cloud Engineer


Jus Mundi Is Hiring!

DevOps | Cloud Engineer



Built on groundbreaking technology, Jus Mundi was shaped by former lawyers and tech visionaries. Using sophisticated AI, our arbitration intelligence platform taps into the world's largest arbitration and international law database, offering unparalleled access to treaties, case law, and publications from around the world. Beyond providing access, it drives accessibility, ensuring every individual and professional is equipped with democratized arbitration tools. That‚Äôs why we developed Jus Connect, our sister platform, to further harness our technological prowess and streamline the selection of conflict-free arbitration professionals while building up data-backed business development opportunities. Jus Mundi's platforms form a nexus, creating an interconnected legal ecosystem that pioneers the synergy of arbitration, law, and technology. This synergy is powering the future of global justice.



Join Jus Mundi ‚Äì To Power Global Justice üöÄ‚öñÔ∏è

Founded in 2019 and recognized as a mission-led company, is pioneering legal technology to power global justice through artificial intelligence. üåç Headquartered in Paris, with additional offices in New York, London, and Singapore, Jus Mundi serves over 150,000 users, including top law firms, multinational corporations, government bodies, and academic institutions in more than 80 countries. By combining legal expertise with cutting-edge AI technology, we provide global legal intelligence, data-driven arbitration professional selection, and business development services.

üåü



üìå About the Role

Jus Mundi is looking for a full-time DevOps | Cloud Engineer to join the team. We want you to be part of a team of passionate people who are always ready to help each other. This position is based in with a very .

In the Tech/R&D department, you will help build, maintain, and scale our infrastructure with automation at the heart of everything you do.

We take pride in our very open-minded approach to employees' contributions: you‚Äôll contribute to improving our systems and processes to support the continuous growth of

üåüYour mission at Jus Mundi





Here is a snippet of what technologies you will find at Jus Mundi:



But as we are explorers, we are open to new methods and technologies.



‚öôÔ∏è Preferred Experience and Skills







Recruitment Process

üîÑ Interview process

We‚Äôre proud of our multicultural team representing 37 nationalities! To ensure smooth communication, please apply in English.



Need More Reasons to Join Us? ‚ú®





Additional Information



Sounds like something made for you?

Apply Now","['Go', 'R']",[],['DevOps'],,2025-08-12,,https://fr.linkedin.com/jobs/view/devops-cloud-engineer-at-jus-connect-4278751994?position=1&pageNum=0&refId=9dQeA12aEQxq8BaqJOb08A%3D%3D&trackingId=%2BdSguNIljprJmq8qife%2Bqw%3D%3D
,,,"We're looking for Full-Stack Developers to join our quickly growing team and help us invent how we learn about the world in VR.

Your goal is to design, architect & implement applications to support our ambition to build the largest collection of educational and documentary immersive VR content.

You will work in feature team and should be comfortable with autonomy and ownership of large areas of the product.



















ASAP



At Wonda VR, we are on a mission to revolutionize how we discover and learn about the world around us.

Founded by an award-winning team of creative storytellers and software engineers, we design intuitive tools and robust solutions to make the most of emerging VR, AR & MR technologies.

Our flagship product: Wonda VR Studio & Publishing Suite, is an all-in-one mobile/desktop application to create and share immersive learning & discovery experiences easily and beautifully on all platforms.

In 1 year, our platform has been chosen by over 5,000 creators, educators and communicators working for top brands and institutions such as Ebay, Cisco, NYU, Pearson or Harvard University.","['Go', 'R']",[],['Cisco'],,2025-08-12,,https://fr.linkedin.com/jobs/view/full-stack-developers-at-wonda-4121502195?position=1&pageNum=0&refId=zW5nXMkTyB9DTfPySljzKQ%3D%3D&trackingId=e4MsjC4NTO4T5%2FBCqcmL3Q%3D%3D
,,,"L‚Äô√©quipe Tech s‚Äôagrandit et recherche son/sa futur¬∑e Backend Engineer Junior.

Batch est une destin√©e aux grandes entreprises du secteur B2C (retail, m√©dias, luxe, banques, services) avec des millions de profils clients.

Batch permet aux √©quipes marketing de recueillir et d‚Äôunifier la donn√©e client partout o√π elle se trouve via des APIs et des SDKs, de communiquer nativement via tous les canaux (Email, Push Notifications Mobile et Web, SMS, Messages In-App) et de se connecter facilement aux autres plateformes MarTech (CDPs, Analytics, etc.).

La Tech chez Batch est organis√©e en squads: 3 squads m√©tiers, 1 squad Infra et 1 squad Platform.

Concr√®tement, notre stack technique ressemble √† √ßa : une architecture microservices o√π Kafka est central pour nos flux de donn√©es. On code principalement en Go et Java. Pour nos bases de donn√©es, c'est un cocktail de Cassandra, Clickhouse, Redis, et MariaDB, choisi selon les besoins. Le tout est bien s√ªr conteneuris√© avec Docker et orchestr√© par Kubernetes.

Le/la Backend Engineer travaille pour faire √©voluer le produit de Batch afin de g√©rer plus de clients, plus de donn√©es, et d'am√©liorer la performance globale de la plateforme. Un v√©ritable challenge au quotidien !





Par essence nous sommes tr√®s ouverts √† la d√©couverte de nouvelles technologies et nous serions ravis d‚Äôaccueillir des id√©es nouvelles.

Rejoindre nos √©quipes c‚Äôest √™tre confront√© √† des challenges toujours grandissants et de les r√©soudre avec brio.











Batch r√©alise ses entretiens en plusieurs √©tapes simples & lisibles pour tous les candidats:","['Java', 'Go', 'R']",[],"['Docker', 'Kubernetes']",,2025-08-12,,https://fr.linkedin.com/jobs/view/back-end-software-engineer-junior-at-batch-4237623957?position=1&pageNum=0&refId=31pWJcrykV1Ox24z4FYyHw%3D%3D&trackingId=03WnruCebResOdRN4P22HA%3D%3D
,,,"La team platform s‚Äôagrandit et recherche son/sa futur¬∑e Machine Learning Engineer üëã

Batch souhaite acc√©l√©rer sa strat√©gie IA pour 2025 et au‚Äëdel√†. Le/la futur¬∑e Machine Learning Engineer, aura un r√¥le hybride m√™lant mod√©lisation et construction de plateforme :



La part de travail consacr√©e √† la mod√©lisation pourra varier selon les projets, certains cycles √©tant plus orient√©s plateforme et industrialisation, d‚Äôautres davantage centr√©s sur le d√©veloppement de nouveaux mod√®les.

Le poste est h√©berg√© au sein de l‚Äô√©quipe , dont la mission est de cr√©er des socles techniques r√©utilisables au service de toutes les √©quipes produit. L‚Äô√©quipe est et le/la futur.e Machine Learning Engineer reportera directement √† R√©mi.

La construction de cette future ML Platform s‚Äôint√®gera autour de notre stack backend existante‚ÄØ: une architecture micro‚Äëservices en Go et Java, largement orient√©e autour de Kafka, et reposant sur plusieurs bases de donn√©es orient√©es haute volum√©trie telles que Cassandra ou ClickHouse.

Tout en s‚Äôinscrivant dans cet environnement, le r√¥le offre la , dans un contexte o√π la plateforme reste √† construire.

Cette stack s‚Äôex√©cute sur une infrastructure op√©r√©e en interne, offrant tous les avantages du cloud tout en √©tant d√©ploy√©e sur un .

Les pratiques d‚Äô **(LLM et Foundation Models) sont d√©j√† amorc√©es et anim√©es en interne. Sans que ce soit un pr√©-requis, le/la futur¬∑e Machine Learning Engineer pourra √©galement y contribuer en fonction des besoins et des opportunit√©s.

üëâ Missions :

de machine learning pour r√©pondre √† nos cas d‚Äôusage strat√©giques.



pour faciliter l‚Äôexp√©rimentation, l‚Äôindustrialisation et le d√©ploiement des mod√®les.



pour assurer une int√©gration fluide des mod√®les et la coh√©rence technique globale.

(LLM et Foundation Models) en coordination avec les personnes d√©j√† impliqu√©es.

Le plus



üëâ Profil recherch√© :



üëâ Process de recrutement :

Batch r√©alise ses entretiens, en plusieurs √©tapes simples & lisibles pour tous les candidats :","['Java', 'Go', 'R']",[],[],,2025-08-12,,https://fr.linkedin.com/jobs/view/machine-learning-engineer-at-batch-4276894826?position=1&pageNum=0&refId=zGayMGakFm9OyDE39jJoTw%3D%3D&trackingId=fi3v9pZ2ka68sk5mWTU2gg%3D%3D
,,,"La team platform s‚Äôagrandit et recherche son/sa futur¬∑e Machine Learning Engineer üëã

Batch souhaite acc√©l√©rer sa strat√©gie IA pour 2025 et au‚Äëdel√†. Le/la futur¬∑e Machine Learning Engineer, aura un r√¥le hybride m√™lant mod√©lisation et construction de plateforme :



La part de travail consacr√©e √† la mod√©lisation pourra varier selon les projets, certains cycles √©tant plus orient√©s plateforme et industrialisation, d‚Äôautres davantage centr√©s sur le d√©veloppement de nouveaux mod√®les.

Le poste est h√©berg√© au sein de l‚Äô√©quipe , dont la mission est de cr√©er des socles techniques r√©utilisables au service de toutes les √©quipes produit. L‚Äô√©quipe est et le/la futur.e Machine Learning Engineer reportera directement √† R√©mi.

La construction de cette future ML Platform s‚Äôint√®gera autour de notre stack backend existante‚ÄØ: une architecture micro‚Äëservices en Go et Java, largement orient√©e autour de Kafka, et reposant sur plusieurs bases de donn√©es orient√©es haute volum√©trie telles que Cassandra ou ClickHouse.

Tout en s‚Äôinscrivant dans cet environnement, le r√¥le offre la , dans un contexte o√π la plateforme reste √† construire.

Cette stack s‚Äôex√©cute sur une infrastructure op√©r√©e en interne, offrant tous les avantages du cloud tout en √©tant d√©ploy√©e sur un .

Les pratiques d‚Äô **(LLM et Foundation Models) sont d√©j√† amorc√©es et anim√©es en interne. Sans que ce soit un pr√©-requis, le/la futur¬∑e Machine Learning Engineer pourra √©galement y contribuer en fonction des besoins et des opportunit√©s.

üëâ Missions :

de machine learning pour r√©pondre √† nos cas d‚Äôusage strat√©giques.



pour faciliter l‚Äôexp√©rimentation, l‚Äôindustrialisation et le d√©ploiement des mod√®les.



pour assurer une int√©gration fluide des mod√®les et la coh√©rence technique globale.

(LLM et Foundation Models) en coordination avec les personnes d√©j√† impliqu√©es.

Le plus



üëâ Profil recherch√© :



üëâ Process de recrutement :

Batch r√©alise ses entretiens, en plusieurs √©tapes simples & lisibles pour tous les candidats :","['Java', 'Go', 'R']",[],[],,2025-08-12,,https://fr.linkedin.com/jobs/view/machine-learning-engineer-at-batch-4276894826?position=1&pageNum=0&refId=OAXwiosEKQgiEJ6R%2Foaqsw%3D%3D&trackingId=eRMuMC3%2FAagU2jDbObsPeQ%3D%3D
,,,"La team Engineering s‚Äôagrandit et recherche son/sa futur¬∑e Site Reliability Engineer üëã

Batch est une destin√©e aux grandes entreprises du secteur B2C (retail, m√©dias, luxe, banques, services) avec des millions de profils clients. Elle permet aux √©quipes marketing de recueillir et d‚Äôunifier la donn√©e client partout o√π elle se trouve via des APIs et des SDKs, de communiquer nativement via tous les canaux (Email, Push Notifications Mobile et Web, SMS, Messages In-App) et de se connecter facilement aux autres plateformes MarTech (CDPs, Analytics, etc.).

L'Engineering chez Batch est organis√©e en squads: 3 squads m√©tiers, 1 squad Infra et 1 squad Platform.

Le/la Site Reliability Engineer aura pour mission de construire, de maintenir et d‚Äôam√©liorer de fa√ßon continue notre plateforme.

Quelques informations sur notre infrastructure :















Du fait de notre choix d‚Äôop√©rer notre propre infrastructure, de nombreux fondamentaux syst√®mes, doubl√©s d‚Äôune volont√© d‚Äôautomatiser pour assurer la mont√©e en charge :

: BGP, Routing avanc√©, VPN, NAT, Quagga, nftables

: HAProxy, Debian, Kubernetes, Cilium, DirectPV, KeaDHCP, Docker, Kafka, etcd, Cassandra, MariaDB, Clickhouse, Redis, Proxmox, Consul, Traefik

: Ansible, Pulumi, Terraform, ArgoCD

: VictoriaMetrics, Tempo, Grafana, AlertManager







Le poste est bas√© √† Lyon o√π se trouve 90% de l‚Äô√©quipe infra.



Batch r√©alise ses entretiens, en plusieurs √©tapes simples & lisibles pour tous les candidats :","['Go', 'R']",[],"['Docker', 'Kubernetes']",,2025-08-12,,https://fr.linkedin.com/jobs/view/site-reliability-engineer-at-batch-4267388985?position=1&pageNum=0&refId=szOnTbv03l19YspeZ%2FwCyg%3D%3D&trackingId=UIvY6tvm5qlJHK6YWBx5%2Bg%3D%3D
,,,"Rejoignez l‚Äô√©quipe de Maxime, o√π vous serez immerg√©(e) au c≈ìur d‚Äôune Business Unit d√©di√©e aux √©tudes de grands projets dans le domaine du digital.

Nous recherchons un D√©veloppeur Full Stack talentueux pour rejoindre notre √©quipe √† Lyon, France. En tant que membre cl√© de notre √©quipe de d√©veloppement, vous travaillerez sur des projets de pointe, en mettant √† profit votre expertise des technologies front-end et back-end pour cr√©er des applications robustes et √©volutives.





Rejoignez la et faites partie d'une aventure digitale passionnante au c≈ìur de !



,





,",['R'],[],[],,2025-08-12,,https://fr.linkedin.com/jobs/view/d%C3%A9veloppeur-full-stack-h-f-at-l-usine-nouvelle-4062801731?position=1&pageNum=0&refId=q2bNVySBc%2F8CQsESfI2ygg%3D%3D&trackingId=Yx8Ogva1t0mbavdUkd5JWw%3D%3D
,,,,[],[],[],,2025-08-12,,https://fr.linkedin.com/jobs/view/d%C3%A9veloppeur-python-h-f-at-fortil-3872588438?position=1&pageNum=0&refId=VHynuhaYFxOqcrgRTL7eHg%3D%3D&trackingId=nxWhJjtQM%2F2EwS0ZlI3WlA%3D%3D
,,,"Licorne Society a √©t√© missionn√© par une startup en pleine croissance pour les aider √† trouver leur Ing√©nieur IA



Au sein de l‚Äô√©quipe R&D, votre mission consiste √† participer √† des d√©veloppements de sp√©cifications fonctionnelles donn√©es, dans le domaine des data sciences et de l‚Äôintelligence artificielle.



Vous √™tes responsable de faire √©voluer l‚Äôapplication suivant ses objectifs temps r√©√©l et gain en

pr√©cision des mod√®les.

Votre mission principale consiste √† des d√©veloppements de mod√®les de Machine Learning appliqu√©s √† la vision par ordinateur (traitement d‚Äôimages et de mod√®les 3D intra-oraux).



‚úì serez responsable de la mise en place de :



‚úì optimiserez les mod√®les existants,

‚úì d√©finirez de nouveaux mod√®les,



‚úì Collaboration √©troite avec les autres ing√©nieurs pour assurer l'interconnexion des modules

logiciels





‚úì Bon niveau pour les environnements linux (Ubuntu)

‚úì Notion de base pour l‚Äôenvironnement Windows



‚úì Tr√®s bonnes connaissances des principes de base et des briques de base (Nets classiques,

Layers, monitoring d‚Äôun apprentissage).

‚úì Savoir utiliser le framework PyTorch.



‚úì Ma√Ætrise de PyTorch

‚úì Bon niveau de Python

‚úì Notions de base du C++

4.4 Logiciel et outils

‚úì Maitrise des outils de configuration (CMake)

‚úì Maitrise des outils de versionnage (Git)



‚úì Sens de l‚Äôinitiative et de l‚Äôautonomie

‚úì Force de proposition

‚úì Passionn√© par son domaine

‚úì Sens de l‚Äôorganisation et rigueur

‚úì Sens du d√©tail

‚úì Sens relationnel

‚úì Respecter la confidentialit√©

‚úì Int√©grer les valeurs de l‚Äôentreprise qui exigent qualit√© et professionnalisme.

‚úì Suivre les instructions de travail, le r√®glement int√©rieur et les chartes de l‚Äôentreprise.","['Python', 'C++', 'R']",[],[],,2025-08-12,,https://fr.linkedin.com/jobs/view/ai-ml-engineer-at-leonar-4282025860?position=1&pageNum=0&refId=VHEICzBBrM0N8Dp%2FC%2F724Q%3D%3D&trackingId=usHqWPlOejO8fMLrWI6whA%3D%3D
,,,"Licorne Society a √©t√© missionn√© par une startup en pleine croissance pour les aider √† trouver leur Ing√©nieur IA



Au sein de l‚Äô√©quipe R&D, votre mission consiste √† participer √† des d√©veloppements de sp√©cifications fonctionnelles donn√©es, dans le domaine des data sciences et de l‚Äôintelligence artificielle.



Vous √™tes responsable de faire √©voluer l‚Äôapplication suivant ses objectifs temps r√©√©l et gain en

pr√©cision des mod√®les.

Votre mission principale consiste √† des d√©veloppements de mod√®les de Machine Learning appliqu√©s √† la vision par ordinateur (traitement d‚Äôimages et de mod√®les 3D intra-oraux).



‚úì serez responsable de la mise en place de :



‚úì optimiserez les mod√®les existants,

‚úì d√©finirez de nouveaux mod√®les,



‚úì Collaboration √©troite avec les autres ing√©nieurs pour assurer l'interconnexion des modules

logiciels





‚úì Bon niveau pour les environnements linux (Ubuntu)

‚úì Notion de base pour l‚Äôenvironnement Windows



‚úì Tr√®s bonnes connaissances des principes de base et des briques de base (Nets classiques,

Layers, monitoring d‚Äôun apprentissage).

‚úì Savoir utiliser le framework PyTorch.



‚úì Ma√Ætrise de PyTorch

‚úì Bon niveau de Python

‚úì Notions de base du C++

4.4 Logiciel et outils

‚úì Maitrise des outils de configuration (CMake)

‚úì Maitrise des outils de versionnage (Git)



‚úì Sens de l‚Äôinitiative et de l‚Äôautonomie

‚úì Force de proposition

‚úì Passionn√© par son domaine

‚úì Sens de l‚Äôorganisation et rigueur

‚úì Sens du d√©tail

‚úì Sens relationnel

‚úì Respecter la confidentialit√©

‚úì Int√©grer les valeurs de l‚Äôentreprise qui exigent qualit√© et professionnalisme.

‚úì Suivre les instructions de travail, le r√®glement int√©rieur et les chartes de l‚Äôentreprise.","['Python', 'C++', 'R']",[],[],,2025-08-12,,https://fr.linkedin.com/jobs/view/ai-ml-engineer-at-leonar-4282025860?position=1&pageNum=0&refId=NvOWr9u%2F%2BLKv76ufhU%2FEdg%3D%3D&trackingId=X2UL5o16Ia1G%2FDEh9xEmCA%3D%3D
,,,,[],[],[],,2025-08-12,,https://fr.linkedin.com/jobs/view/devops-h-f-at-audensiel-4280640220?position=1&pageNum=0&refId=JlZIbf3AMc%2F2Q%2BwhxBeoAQ%3D%3D&trackingId=iow5fuWjcTJuJST40vP2mw%3D%3D
,,,"Job Type: Full Time

Tirane

We are looking for a to join our team of passionate and result driven individuals.









Please send your CV at: Only shortlisted candidates will be contacted for an interview",['R'],[],[],,2025-08-12,,https://fr.linkedin.com/jobs/view/backend-developer-at-sparklab-4076621749?position=1&pageNum=0&refId=%2FAsv7%2BYBwtQs3Zttb9vXHQ%3D%3D&trackingId=CvcdveQtyx5apugl9i5Ztg%3D%3D
,,,,[],[],[],,2025-08-12,,https://fr.linkedin.com/jobs/view/d%C3%A9veloppeur-python-h-f-at-objectware-4231875674?position=1&pageNum=0&refId=AxUFrj5wa8thcU1P0HYnOQ%3D%3D&trackingId=QxTObMdWj12mSxvNWHA33g%3D%3D
,,,,[],[],[],,2025-08-12,,https://fr.linkedin.com/jobs/view/data-scientist-f-h-nb-at-valeuriad-4256665672?position=1&pageNum=0&refId=%2BYXjxojEmAFuRCNLz8Mxuw%3D%3D&trackingId=%2BnhDBlE6gP9wQvbbZv4ooA%3D%3D
,,,,[],[],[],,2025-08-12,,https://fr.linkedin.com/jobs/view/data-scientist-h-f-nantes-at-avisia-4250257572?position=1&pageNum=0&refId=fYhSghZvceR6DKy5kORG%2Fg%3D%3D&trackingId=LEPQBZr6XeTI0qPWR4%2FdPw%3D%3D
,,,,[],[],[],,2025-08-12,,https://fr.linkedin.com/jobs/view/cloud-engineer-devops-f-h-nantes-at-sfeir-4270599756?position=1&pageNum=0&refId=KqDYlxaJ5r3H4nsyJLyMlg%3D%3D&trackingId=Go03rwzn6RWmEMi2RKR8%2Bw%3D%3D
,,,,[],[],[],,2025-08-12,,https://fr.linkedin.com/jobs/view/d%C3%A9veloppeur-javascript-h-f-at-amiltone-4282148511?position=1&pageNum=0&refId=%2Bw6HUWlklNg%2BaGFxQ6dTKg%3D%3D&trackingId=WcXR5FtXDgZ3%2FK4nA%2Fzmqg%3D%3D
